ifsc,bank_id,branch,address,city,district,state,bank_name
ABHY0065001,60,RTGS-HO,"ABHYUDAYA BANK BLDG., B.NO.71, NEHRU NAGAR, KURLA (E), MUMBAI-400024",MUMBAI,GREATER MUMBAI,MAHARASHTRA,ABHYUDAYA COOPERATIVE BANK LIMITED
ABHY0065002,60,ABHYUDAYA NAGAR,"ABHYUDAYA EDUCATION SOCIETY, OPP. BLDG. NO. 18, ABHYUDAYA NAGAR, KALACHOWKY, MUMBAI - 400033",MUMBAI,GREATER MUMBAI,MAHARASHTRA,ABHYUDAYA COOPERATIVE BANK LIMITED
ABHY0065003,60,BAIL BAZAR,"KMSPM'S SCHOOL, WADIA ESTATE, BAIL BAZAR-KURLA(W), MUMBAI-400070",MUMBAI,GREATER MUMBAI,MAHARASHTRA,ABHYUDAYA COOPERATIVE BANK LIMITED
ABHY0065004,60,BHANDUP,"CHETNA APARTMENTS, J.M.ROAD, BHANDUP, MUMBAI-400078",MUMBAI,GREATER MUMBAI,MAHARASHTRA,ABHYUDAYA COOPERATIVE BANK LIMITED
ABHY0065005,60,DARUKHANA,"POTIA IND.ESTATE, REAY ROAD (E), DARUKHANA, MUMBAI-400010",MUMBAI,GREATER MUMBAI,MAHARASHTRA,ABHYUDAYA COOPERATIVE BANK LIMITED
ABHY0065006,60,FORT,"ABHYUDAYA BANK BLDG., 251, PERIN NARIMAN STREET, FORT, MUMBAI-400001",MUMBAI,GREATER MUMBAI,MAHARASHTRA,ABHYUDAYA COOPERATIVE BANK LIMITED
ABHY0065007,60,GHATKOPAR,"UNIT NO 2 & 3, SILVER HARMONY BLDG,NEW MANIKLAL ESTATE, GHATKOPAR (WEST), MUMBAI-400086",MUMBAI,GREATER MUMBAI,MAHARASHTRA,ABHYUDAYA COOPERATIVE BANK LIMITED
ABHY0065008,60,KANJUR,"BHANDARI CO-OP. HSG. SOCIETY, KANJUR VILLAGE, KANJUR (EAST), MUMBAI-400078",MUMBAI,GREATER MUMBAI,MAHARASHTRA,ABHYUDAYA COOPERATIVE BANK LIMITED
ABHY0065009,60,NEHRU NAGAR,"ABHYUDAYA BANK BLDG., B.NO.71, NEHRU NAGAR, KURLA (E), MUMBAI-400024",MUMBAI,GREATER MUMBAI,MAHARASHTRA,ABHYUDAYA COOPERATIVE BANK LIMITED
ABHY0065010,60,PAREL,"SHRAMA SAFALYA, 63 G.D.AMBEKAR MARG, PAREL VILLAGE, MUMBAI-400012",MUMBAI,GREATER MUMBAI,MAHARASHTRA,ABHYUDAYA COOPERATIVE BANK LIMITED
ABHY0065011,60,SEWRI,"NAVNIDHI INDUSTRIAL ESTATE, ACHARYA DONDHE MARG, SEWRI, MUMBAI-400015",MUMBAI,GREATER MUMBAI,MAHARASHTRA,ABHYUDAYA COOPERATIVE BANK LIMITED
ABHY0065012,60,WADALA,"B.P.T.MARKET BLDG., NADKARNI PARK, WADALA (EAST), MUMBAI-400037",MUMBAI,GREATER MUMBAI,MAHARASHTRA,ABHYUDAYA COOPERATIVE BANK LIMITED
ABHY0065013,60,WORLI,"LANDMARK,NEXT TO MAHINDRA TOWERS, PLOT NO.1, J M BHOSLE MARG, WORLI, MUMBAI-400018",MUMBAI,GREATER MUMBAI,MAHARASHTRA,ABHYUDAYA COOPERATIVE BANK LIMITED
ABHY0065014,60,MUMBRA,"RIZVI APARTMENTS, OPP. RAILWAY STATION, MUMBRA-400612",MUMBAI,GREATER MUMBAI,MAHARASHTRA,ABHYUDAYA COOPERATIVE BANK LIMITED
ABHY0065015,60,TURBHE,"A.P.M.C.MARKET, ADMINISTRATIVE BLDG, TURBHE, NAVI MUMBAI-400705",MUMBAI,GREATER MUMBAI,MAHARASHTRA,ABHYUDAYA COOPERATIVE BANK LIMITED
ABHY0065016,60,VASHI,"ABHYUDAYA BANK BLDG., SECTOR 17, VASHI, NAVI MUMBAI-400705",MUMBAI,GREATER MUMBAI,MAHARASHTRA,ABHYUDAYA COOPERATIVE BANK LIMITED
ABHY0065017,60,MOBILE BANK,"ABHYUDAYA BANK BLDG., SECTOR 17, VASHI, NAVI MUMBAI-400703",MUMBAI,GREATER MUMBAI,MAHARASHTRA,ABHYUDAYA COOPERATIVE BANK LIMITED
ABHY0065018,60,NEW PANVEL,"ABHYUDAYA BANK BLDG., SECTOR 17, NEW PANVEL-410206",MUMBAI,GREATER MUMBAI,MAHARASHTRA,ABHYUDAYA COOPERATIVE BANK LIMITED
ABHY0065019,60,KALAMBOLI,"BLDG F-4, SHOP NO 17-20, SECTOR 3 EB, KALAMBOLI, NAVI MUMBAI-410218",MUMBAI,GREATER MUMBAI,MAHARASHTRA,ABHYUDAYA COOPERATIVE BANK LIMITED
ABHY0065020,60,DHARAVI,"WESTERN INDIA TANNERIES, SION DHARAVI ROAD, MUMBAI-400017",MUMBAI,GREATER MUMBAI,MAHARASHTRA,ABHYUDAYA COOPERATIVE BANK LIMITED
ABHY0065021,60,MALAD EAST,"148 ELLORA SHOPPING CENTRE, DAFTARY ROAD, MALAD (EAST), MUMBAI-400097",MUMBAI,GREATER MUMBAI,MAHARASHTRA,ABHYUDAYA COOPERATIVE BANK LIMITED
ABHY0065022,60,CBD BELAPUR,"SECTOR-3, CHANAKYA SHOPPING CENTRE, BELAPUR (CBD), NAVI MUMBAI-400614",MUMBAI,GREATER MUMBAI,MAHARASHTRA,ABHYUDAYA COOPERATIVE BANK LIMITED
ABHY0065023,60,BHIWANDI,"BLDG F-1,GOPAL NAGAR,BHIWANDI-KALYAN ROAD, BHIWANDI, 421302",MUMBAI,GREATER MUMBAI,MAHARASHTRA,ABHYUDAYA COOPERATIVE BANK LIMITED
ABHY0065024,60,BORIVALI,"RATNADEEP APARTMENTS, CARTER ROAD NO.1, BORIVLI (EAST), MUMBAI-400066",MUMBAI,GREATER MUMBAI,MAHARASHTRA,ABHYUDAYA COOPERATIVE BANK LIMITED
ABHY0065025,60,HILL ROAD,"HILL-N-DALE, HILL ROAD, NR.BANDRA POLICE STATION, BANDRA (W), MUMBAI-400050",MUMBAI,GREATER MUMBAI,MAHARASHTRA,ABHYUDAYA COOPERATIVE BANK LIMITED
ABHY0065026,60,KHER NAGAR,"JANATA EDUCATION SOC. PREMISES, KHER NAGAR, BANDRA (E), MUMBAI-400051",MUMBAI,GREATER MUMBAI,MAHARASHTRA,ABHYUDAYA COOPERATIVE BANK LIMITED
ABHY0065027,60,KANDIVLI-EAST,"GUNDECHA INDL.COMPLEX, AKURLI RD, KANDIVLI (E), MUMBAI-400101",MUMBAI,GREATER MUMBAI,MAHARASHTRA,ABHYUDAYA COOPERATIVE BANK LIMITED
ABHY0065028,60,SHERLY RAJAN,"KHAIR HOUSE, SHERLY RAJAN RD, BANDRA (WEST), MUMBAI-400050",MUMBAI,GREATER MUMBAI,MAHARASHTRA,ABHYUDAYA COOPERATIVE BANK LIMITED
ABHY0065029,60,GANESH NAGAR,"NAVJIVAN VIDYA MANDIR, GANESH NAGAR, BHANDUP (W), MUMBAI-400078.",MUMBAI,GREATER MUMBAI,MAHARASHTRA,ABHYUDAYA COOPERATIVE BANK LIMITED
ABHY0065030,60,MALAD WEST,"ST.JUDE'S HIGH SCHOOL, KHARODI, MALAD(W), MUMBAI,400095",MUMBAI,GREATER MUMBAI,MAHARASHTRA,ABHYUDAYA COOPERATIVE BANK LIMITED
ABHY0065031,60,NERUL,"ABHYUDAYA BANK BLDG. PLOT NO.3A, SECTOR 15, NERUL, NAVI MUMBAI-400706",MUMBAI,GREATER MUMBAI,MAHARASHTRA,ABHYUDAYA COOPERATIVE BANK LIMITED
ABHY0065032,60,AIROLI,"ABHYUDAYA BANK BLDG., PLOT NO.26 SECTOR 17, AIROLI, NAVI MUMBAI-400701",MUMBAI,GREATER MUMBAI,MAHARASHTRA,ABHYUDAYA COOPERATIVE BANK LIMITED
ABHY0065034,60,ANDHERI,"SHRADHA SHOPPING CENTRE, OLD NAGARDAS ROAD, ANDHERI (E), MUMBAI-400069",MUMBAI,GREATER MUMBAI,MAHARASHTRA,ABHYUDAYA COOPERATIVE BANK LIMITED
ABHY0065035,60,NHAVA SHEVA,"J.N.P.T. SHOPPING COMPLEX, NHAVA SHEVA, NAVI MUMBAI-400707",MUMBAI,GREATER MUMBAI,MAHARASHTRA,ABHYUDAYA COOPERATIVE BANK LIMITED
ABHY0065036,60,BANKING COMPLEX,"UNIT NO.7 SECTOR 19, PHASE II, APMC, VASHI, NAVI MUMBAI-400705",MUMBAI,GREATER MUMBAI,MAHARASHTRA,ABHYUDAYA COOPERATIVE BANK LIMITED
ABHY0065037,60,KOPARKHAIRNE,"UNIT NO.1, PLOT 24-25 SECTOR 6, KOPARKHAIRANE, NAVI MUMBAI-400701",MUMBAI,GREATER MUMBAI,MAHARASHTRA,ABHYUDAYA COOPERATIVE BANK LIMITED
ABHY0065038,60,DADAR,"GURUKRIPA CHS LTD., OPP. PLAZA CINEMA, DADAR (W), MUMBAI-400028.",MUMBAI,GREATER MUMBAI,MAHARASHTRA,ABHYUDAYA COOPERATIVE BANK LIMITED
ABHY0065039,60,MULUND,"NEELKANTHDHARA, NETAJI SUBHASHCHANDRA ROAD, MULUND (W), MUMBAI-400080.",MUMBAI,GREATER MUMBAI,MAHARASHTRA,ABHYUDAYA COOPERATIVE BANK LIMITED
ABHY0065040,60,CHARAI,"MUMBA DEVI APT., JOSHIWADA, CHARAI, VEER SAVARKAR PATH, THANE WEST 400601",MUMBAI,GREATER MUMBAI,MAHARASHTRA,ABHYUDAYA COOPERATIVE BANK LIMITED
ABHY0065041,60,LOKMANYA NAGAR,"PANCHPAKHADI SAMARTHA CHS LTD., LOKMANYA NAGAR, THANE (W)-400608",MUMBAI,GREATER MUMBAI,MAHARASHTRA,ABHYUDAYA COOPERATIVE BANK LIMITED
ABHY0065042,60,KHARGHAR,"SHOP NO 66/67, PATEL HERITAGE, PLOT NO 15/17, SECTOR 7, KHARGHAR, NAVI MUMBAI 410210",MUMBAI,RAIGAD,MAHARASHTRA,ABHYUDAYA COOPERATIVE BANK LIMITED
ABHY0065043,60,VASAI,"OM SHIVSHAKTI COMPLEX, VAJRESHWARI ROAD, VALIV VILLAGE, VASAI ROAD (EAST), VASAI 401208",VASAI,THANE,MAHARASHTRA,ABHYUDAYA COOPERATIVE BANK LIMITED
ABHY0065044,60,GHANSOLI,"SHREE MANOSHI COMPLEX, PLOT NO.5& 6, SECTOR-3, GHANSOLI, NAVI MUMBAI GHANSOLI- 410 701.",NAVI MUMBAI,THANE,MAHARASHTRA,ABHYUDAYA COOPERATIVE BANK LIMITED
ABHY0065045,60,KAMOTHE,"DHARTI COMPLEX, SHOP NO.7,8,9310 & 11, PLOT NO. 60/61, SECTOR 18, KAMOTHE II, PANVEL-",NAVI MUMBAI,RAIGAD,MAHARASHTRA,ABHYUDAYA COOPERATIVE BANK LIMITED
ABHY0065046,60,BHAYANDAR,"SHOP NO. 7,8,9,&107 TO 111 ON GR. FLOOR & 1ST FLOOR. MALHAR ARCADE, CODDEV VILLAGE, NAVGHAR PHATAK ROAD, BHAYANDAR (E), DIST. THANE, 401101",THANE,THANE,MAHARASHTRA,ABHYUDAYA COOPERATIVE BANK LIMITED
ABHY0065047,60,DAHISAR EAST,"GR. FLOOR, MADHURAM HALL, HARISHANKAR JOSHI ROAD, DAHISAR (E), MUMBAI - 400 068",MUMBAI,GREATER MUMBAI,MAHARASHTRA,ABHYUDAYA COOPERATIVE BANK LIMITED
ABHY0065048,60,KALYAN-WEST,"FLOWER VALLEY, KHADAKPADA, KALYAN (W), DIST. THANE 421 301",THANE,THANE,MAHARASHTRA,ABHYUDAYA COOPERATIVE BANK LIMITED
ABHY0065049,60,DOMBIVLI-WEST,"FIRST FLOOR, JAIKUL ARCADE, MANPADA ROAD, DOMBIVLI (E) 421201",THANE,THANE,MAHARASHTRA,ABHYUDAYA COOPERATIVE BANK LIMITED
SBIN0004722,1,CHEGUNTA,CHEGUNTA,CHEGUNTA,MEDAK,ANDHRA PRADESH,STATE BANK OF INDIA
ABHY0065050,60,OLD PANVEL,"SHOP NO 1 & 2, KANAK VITHAL, PLOT NO.25, OLD PANVEL, DIST RAIGAD 410 206",RAIGAD,RAIGAD,MAHARASHTRA,ABHYUDAYA COOPERATIVE BANK LIMITED
ABHY0065051,60,KANDIVALI (WEST),"KANDIVLI (W) BRANCH, SHOP NO.7, VIJAYBHARTI CO-OP. HSG. SOCIETY, SECTOR - II CHARKOP, KANDIVALI (W), MUMBAI 400067",MUMBAI,MUMBAI,MAHARASHTRA,ABHYUDAYA COOPERATIVE BANK LIMITED
ABHY0065052,60,MIRA ROAD (EAST),"SHOP NO. 6,7 & 8, GROUND FLOOR, BUILDING NO. A-63, SECTOR - 1, SHANTI NAGAR, MIRA ROAD (E), DIST THANE 401107.",BHAYANDAR,THANE,MAHARASHTRA,ABHYUDAYA COOPERATIVE BANK LIMITED
ABHY0065053,60,BADLAPUR (EAST),"KULGAON GRIHNIRMAN SOCIETY, PLOT NO. 36, GANDHI CHOWK, NEAR KATDHARE HALL, KULGAON, BADLAPUR (E), DIST. THANE 421503",KALYAN,THANE,MAHARASHTRA,ABHYUDAYA COOPERATIVE BANK LIMITED
ABHY0065054,60,CHEMBUR,"SHOP NO.12 TO 19, BLDG. NO. 2, TILAKNAGAR SHRAMIK CO-OP HSG SOCIETY LTD., TILAKNAGAR, CHEMBUR, MUMBAI 400089.",MUMBAI,GREATER MUMBAI,MAHARASHTRA,ABHYUDAYA COOPERATIVE BANK LIMITED
ABHY0065055,60,VIRAR,"GRND & 1ST FLOOR, MATAJI KRUPA, OPP. MAHANAGARPALIKA LIBRARY, PHOOL PADA ROAD,VIRAR (E), DIST THANE 401303",THANE,THANE,MAHARASHTRA,ABHYUDAYA COOPERATIVE BANK LIMITED
ABHY0065056,60,SEAWOOD,"SHOP NO. 13 TO 15, GIRIRAJ CO-OP HSG SOCIETY LTD., PLOT NO.7&8, SECTOR NO.44, NRI SEAWOOD ROAD, SEAWOOD, NERUL 400706",MUMBAI,GREATER MUMBAI,MAHARASHTRA,ABHYUDAYA COOPERATIVE BANK LIMITED
ABHY0065057,60,OWALE,"SIDDHIVINAYAK ARCADE, KAILASH TOWER, OWALE VILLAGE, OWALA NAKA, GHODBUNDER ROAD, THANE 400605.",THANE,THANE,MAHARASHTRA,ABHYUDAYA COOPERATIVE BANK LIMITED
ABHY0065058,60,ANTOP HILL,"SHOP NO..34 & 35, GROUND FLOOR, BLDG NO. B-2, KALPAK ESTATE, SHAIKH MISTRY ROAD, ANTOP HILL, MUMBAI 400037",MUMBAI,GREATER MUMBAI,MAHARASHTRA,ABHYUDAYA COOPERATIVE BANK LIMITED
ABHY0065059,60,NALLASOPARA,"SHOP NO. 1 & 2, GROUND FLOOR, OLIVE APARTMENT, BLDG.NO.06, SECTOR VII, NALLASOPARA, TAL VASAI, DIST THANE.",THANE,THANE,MAHARASHTRA,ABHYUDAYA COOPERATIVE BANK LIMITED
ABHY0065060,60,DIVALE CBD,"SHOP NO 8A & 9, GROUND FLOOR, SAI SANGAM, SECTOR-15, SAKAL BHAVAN MARG, CBD BELAPUR, NAVI MUMBAI 400 614",MUMBAI,GREATER MUMBAI,MAHARASHTRA,ABHYUDAYA COOPERATIVE BANK LIMITED
ABHY0065061,60,KHANDA COLONY,"SHOP NO.30 TO 33, GROUND FLOOR, SHREEJI SANGH, SECTOR - 7, PLOT NO. 15/16 KHANDA COLONY, PANVEL 410206",PANVEL,RAIGAD,MAHARASHTRA,ABHYUDAYA COOPERATIVE BANK LIMITED
ABHY0065062,60,KALWA,"MILESTONE CORPORATE PARK, DATTAWADI, OLD MUMBAI ROAD, KALWA (W) DIST. THANE 400 605",THANE,THANE,MAHARASHTRA,ABHYUDAYA COOPERATIVE BANK LIMITED
ABHY0065063,60,DOMBIVLI (WEST),"JANKI HEIGHTS OPP. SHIV SENA SHAKA, DEENDAYAL ROAD, DOMBIVALI (WEST), DIS THANE 421202",DOMBIVLI,THANE,MAHARASHTRA,ABHYUDAYA COOPERATIVE BANK LIMITED
ABHY0065064,60,GOREGAON WEST,"SHOP NO.2,3,5 & 6A, VRINDAVAN CHS LTD., BUILDING NO.9, SHASTRI NAGAR ROAD NO.1, GOREGAON (W), MUMBAI 400 104.",MUMBAI,GREATER BOMBAY,MAHARASHTRA,ABHYUDAYA COOPERATIVE BANK LIMITED
ABHY0065065,60,JOGESHWARI (E),"BAL VIKAS SCHOOL BUILDING, GROUND FLOOR, MHADA COLONY, SARVODAYA NAGAR, JOGESHWARI (E), MUMBAI 400 060",MUMBAI,GREATER BOMBAY,MAHARASHTRA,ABHYUDAYA COOPERATIVE BANK LIMITED
ABHY0065066,60,KALYAN (E),"KHUSHI HEIGHTS, POONA LINK ROAD, OPP. NITIN RAJ HOTEL, KATEMANIVALI, KALYAN (E), DIST. THANE - 421 306.",KALYAN,THANE,MAHARASHTRA,ABHYUDAYA COOPERATIVE BANK LIMITED
ABHY0065067,60,DIVA (E),"SHREE KRISHNA PARK, NEAR SHIV SENA SHAKA, DIVA (E), DIST. THANE - 400 612.",THANE,THANE,MAHARASHTRA,ABHYUDAYA COOPERATIVE BANK LIMITED
ABHY0065068,60,ANJUR PHATA,"SOM SHIV PLAZA, ANJUR PHATA, KAMATGHAR, AGRA ROAD, BHIWANDI - 421 302.",BHIWANDI,THANE,MAHARASHTRA,ABHYUDAYA COOPERATIVE BANK LIMITED
ABHY0065069,60,MARVE LINK ROAD,"SHOP NO. S-109, RAJIV GANDHI COMMERCIAL COMPLEX, EKTA NAGAR, CHARKOP MARVE LINK ROAD, KANDIVLI (W), MUMBAI - 400 067",MUMBAI,GREATER BOMBAY,MAHARASHTRA,ABHYUDAYA COOPERATIVE BANK LIMITED
ABHY0065070,60,LOWER PAREL,"BLOCK NO.12, GROUND FLOOR, DHANRAJ MILL COMPOUND, SITARAM JADHAV MARG, LOWER PAREL, MUMBAI - 400 013.",MUMBAI,GREATER BOMBAY,MAHARASHTRA,ABHYUDAYA COOPERATIVE BANK LIMITED
ABHY0065071,60,LALBAUG,"SHOP NO. 6, 7, 8 & 9, GROUND FLOOR, ""TAMBAWALA BUILDING NO.1"", 205, KALACHOWKY ROAD, D. L. MARG, LALBAUG, MUMBAI - 400 012",MUMBAI,GREATER BOMBAY,MAHARASHTRA,ABHYUDAYA COOPERATIVE BANK LIMITED
ABHY0065072,60,VIKHROLI (EAST),"SHOP NO. 3, B WING, BUILDING NO. 87, ""KANNAMWAR NAGAR RAIGAD CO-OP. HSG. SOC. LTD., KANNAMWAR NAGAR, VIKHROLI (E), MUMBAI - 400 083",MUMBAI,GREATER BOMBAY,MAHARASHTRA,ABHYUDAYA COOPERATIVE BANK LIMITED
ABHY0065073,60,VIKHROLI W,"SHOP NO.1, MAYFIAR SYMPHONY SPRING, PARKSITE, GODREJ, HIRANANDANI LINK RD., VIKHROLI WEST, MUMBAI 400079",MUMBAI,GREATER BOMBAY,MAHARASHTRA,ABHYUDAYA COOPERATIVE BANK LIMITED
ABHY0065074,60,KAUSA MUMBRA,"VIRANI BUSINESS CENTRE, SHOP NO. 1,2,3,4, PLOT NO. 96 BY 2, OPP BHARAT GEARS CO., KAUSA, DIST-THANE- 400612",THANE,THANE,MAHARASHTRA,ABHYUDAYA COOPERATIVE BANK LIMITED
ABHY0065075,60,ULWE,"SHOP NO. 1,2,3 PRATHMESH PRIDE, PLOT NO. 06, SECTOR 19, ULWE, TAL  PANVEL, DIST RAIGAD  410206",PANVEL,RAIGAD,MAHARASHTRA,ABHYUDAYA COOPERATIVE BANK LIMITED
ABHY0065076,60,KURLA (W),"SHOP NO. 1 AND 2, SANGHAVI PALACE, BELGRAMI ROAD, KURLA W, MUMBAI - 400070",MUMBAI,GREATER BOMBAY,MAHARASHTRA,ABHYUDAYA COOPERATIVE BANK LIMITED
ABHY0065077,60,PEN,"SHOP NO.4 AND 6, REDWOOD CITY PLAZA, PLOT NO. C 13, SURVEY NO 242B, ICE FACTORY, PEN 402107.",PEN,RAIGAD,MAHARASHTRA,ABHYUDAYA COOPERATIVE BANK LIMITED
ABHY0065101,60,PUNE SERVICE BRANCH,598  DHANVANT PLAZA BHUDWAR PETH PUNE- 411002,PUNE,PUNE,MAHARASHTRA,ABHYUDAYA COOPERATIVE BANK LIMITED
ABHY0065102,60,NANA PETH,"355, NANA PETH, PUNE-411002",PUNE,PUNE,MAHARASHTRA,ABHYUDAYA COOPERATIVE BANK LIMITED
ABHY0065103,60,LAXMI ROAD,"867, BUDHWAR PETH, LAXMI ROAD, PUNE-411002",PUNE,PUNE,MAHARASHTRA,ABHYUDAYA COOPERATIVE BANK LIMITED
ABHY0065104,60,YERWADA,"OM MAHAVIR CHS, SHOP NO. D1-2-3, SURVEY NO. 1-A, PUNE NAGAR RD., YERWADA, PUNE-411006",PUNE,PUNE,MAHARASHTRA,ABHYUDAYA COOPERATIVE BANK LIMITED
ABHY0065105,60,PIMPRI,"SUNSHINE MARKS, CTS NO.4840, MUMBAI-PUNE RD, OPP B AMBEDKAR STATUE, PIMPRI, PUNE-411018",PUNE,PUNE,MAHARASHTRA,ABHYUDAYA COOPERATIVE BANK LIMITED
ABHY0065106,60,PAUD PHATA,"MANGALAM CHAMBERS, ERANDWANA, PAUD ROAD, PUNE-411038",PUNE,PUNE,MAHARASHTRA,ABHYUDAYA COOPERATIVE BANK LIMITED
ABHY0065107,60,BANER ROAD,"TEJAS ETERNITY, S. NO. 134, H. NO.5,6/1, BANER BALEWADI RD, BANER, PUNE 411045",PUNE,PUNE,MAHARASHTRA,ABHYUDAYA COOPERATIVE BANK LIMITED
ABHY0065108,60,DHANKAWADI,"SHIVSMARAK SAMITI, PUNE-SATARA ROAD,DHANKWADI, PUNE-411037",PUNE,PUNE,MAHARASHTRA,ABHYUDAYA COOPERATIVE BANK LIMITED
ABHY0065109,60,WAGHOLI,"620, PUNE NAGAR ROAD, WAGHOLI, TAL.HAVELI, PUNE-412207",PUNE,PUNE,MAHARASHTRA,ABHYUDAYA COOPERATIVE BANK LIMITED
ABHY0065110,60,SINHAGAD ROAD,"SHOWROOM NO. 1 AND 3, SUNIT RIDDHI BLDG, PLOT NO. 2B, FINAL PLOT NO. 545, S. NO. 120A, 120B, PARVATI, SINHAGAD RD, PUNE 411030",PUNE,PUNE,MAHARASHTRA,ABHYUDAYA COOPERATIVE BANK LIMITED
ABHY0065111,60,DECCAN GYMKHANA,"AMIT SAMRUDDHI, OFF. J.M.ROAD, SHIVAJI NAGAR, PUNE-411004",PUNE,PUNE,MAHARASHTRA,ABHYUDAYA COOPERATIVE BANK LIMITED
ABHY0065112,60,NAGPUR,"BHAGVAN HOUSE, GROUND FLOOR, WARDHA ROAD, WARDHA ROAD, NAGPUR WARDHA ROAD, NAGPUR",NAGPUR,NAGPUR,MAHARASHTRA,ABHYUDAYA COOPERATIVE BANK LIMITED
ABHY0065113,60,AURANGABAD,"AMDANI CHAMBERS, GROUND FLOOR, NEW GULMANDI ROAD, DALAL WADI, AURANGABAD- 431 001.",AURANGABAD,AURANGABAD,MAHARASHTRA,ABHYUDAYA COOPERATIVE BANK LIMITED
ABHY0065114,60,KANKAVLI,"3/16, A-1-B, GROUND FLOOR, HISSA NO.29, SURVEY NO.204, MUMABAI GOA HIGHWAY, AT AND POST - KANKAVLI, DIST - SINDHUDURG 416602",KANKAVLI,SINDHUDURG,MAHARASHTRA,ABHYUDAYA COOPERATIVE BANK LIMITED
ABHY0065115,60,NASHIK,"SHOP NO. 3 & 4 & OFFICE NO.4,5 & 6 LUCKY PALACE APARTMENTS, CANARA CORNER, SHARANPUR TRIMBAK ROAD, NASHIK 422 005",NASHIK,NASIK,MAHARASHTRA,ABHYUDAYA COOPERATIVE BANK LIMITED
ADCB0000002,143,BANGALORE,"CITI CENTRE, 28, CHURCH STREET, OFF M. G. ROAD BANGALORE 560001",BANGALORE,BANGALORE URBAN,KARNATAKA,ABU DHABI COMMERCIAL BANK
ABHY0065116,60,CHAKAN BRANCH,"ANAND BUILDING, MAIN BAZAR PETH, NEAR CHAKAN S.T. STAND, OLD PUNE NASHIK ROAD, CHAKAN, DIST PUNE 410 501",CHAKAN,PUNE,MAHARASHTRA,ABHYUDAYA COOPERATIVE BANK LIMITED
ABHY0065117,60,AMBAD,"SHO NO.1-5, LOTUS PLAZA, TRIMURTI CHOWK, AMBAD-LINK ROAD, CIDCO, NEW NASHIK NASHIK-422008",NASHIK,NASIK,MAHARASHTRA,ABHYUDAYA COOPERATIVE BANK LIMITED
ABHY0065118,60,NASHIK ROAD,"RAJAN COMPLEX, DATTA MANDIR STOP, NASHIK-PUNE HIGHWAY, NASHIK 422 101",NASHIK,NASIK,MAHARASHTRA,ABHYUDAYA COOPERATIVE BANK LIMITED
ABHY0065119,60,GARKHEDA,"SHOP NO.1 & 2, MALANI CHAMBERS, PLOT NO.5, SHIVAJI NAGAR ROAD, GARKHEDA, AURANGABAD 431005",AURANGABAD,AURANGABAD,MAHARASHTRA,ABHYUDAYA COOPERATIVE BANK LIMITED
ABHY0065120,60,ASHOK NAGAR,"GROUND FLOOR, 69, ASHOKNAGAR, WORKSHOP-BHAGYANAGAR ROAD, NANDED, DIST NANDED - 431605",NANDED,NANDED,MAHARASHTRA,ABHYUDAYA COOPERATIVE BANK LIMITED
ABHY0065121,60,C.A. ROAD,"GANDHI GRAIN MARKET, OLD BAGADGANJ LAYOUT, CHAPRU CHOWK, CENTRAL AVENUE ROAD, NAGPUR - 440 008.",NAGPUR,NAGPUR,MAHARASHTRA,ABHYUDAYA COOPERATIVE BANK LIMITED
ABHY0065122,60,DABHADE TALEGAON,"AMBIKA CORNER APARTMENT, PLOT NO. 6 & 7, LAXMIBAUG COLONY, TALEGAON DABHADE TAL. MAWAL, DIST. PUNE - 410506",TALEGAONDABHADE,PUNE,MAHARASHTRA,ABHYUDAYA COOPERATIVE BANK LIMITED
ABHY0065123,60,SAMRAT NAGAR,"PLOT NO. 10, 11, 12(D), THE NANDED TOWN MARKET AREA, SAMRAT NAGAR, NEAR ANNABHAU SATHE CHOWK, NANDED - 431 602.",NANDED,NANDED,MAHARASHTRA,ABHYUDAYA COOPERATIVE BANK LIMITED
ABHY0065124,60,INDIRA NAGAR,"GROUND FLOOR, MADHUSUDAN PARK, C BUILDING, WADALA PATHARDI ROAD, INDIRA NAGAR, NASHIK - 422 009",NASHIK,NASIK,MAHARASHTRA,ABHYUDAYA COOPERATIVE BANK LIMITED
ABHY0065125,60,PANCHAVATI,"4614, LAXMI RESIDENCY, PETH ROAD, PANCHAVATI, NASHIK - 422 003.",NASHIK,NASIK,MAHARASHTRA,ABHYUDAYA COOPERATIVE BANK LIMITED
ABHY0065126,60,AHMEDNAGAR,"SAI MIDAS TOUCH, SHOP NO. 7 AND 8, PLOT NO. 101 SLASH 86, NAGAR MANMAD ROAD, SAVEDI ROAD, AHMEDNAGAR 414003",AHMEDNAGAR,AHMEDNAGAR,MAHARASHTRA,ABHYUDAYA COOPERATIVE BANK LIMITED
ABHY0065201,60,MANDVI,"SHREE KRISHNA BHAVAN, NEAR CHAMPANER GATE,  3259 BANK ROAD, VADODARA 390006,",VADODARA,VADODARA,GUJARAT,ABHYUDAYA COOPERATIVE BANK LIMITED
ABHY0065202,60,MITHAKHALI,"JAYMANGAL HOUSE, BLOCK B, NEAR GANDHIGRAM RLY, STATION, ELLISBRIDGE, AHMEDABAD- 380 009.",AHMEDABAD,AHMEDABAD,GUJARAT,ABHYUDAYA COOPERATIVE BANK LIMITED
ABHY0065203,60,MANEKCHOWK,"DAHINI KHADKI, MANEKCHOWK, AHMEDABAD- 380 221.",AHMEDABAD,AHMEDABAD,GUJARAT,ABHYUDAYA COOPERATIVE BANK LIMITED
ABHY0065204,60,RAIPUR,"BLOCK NO.E/1, GHANTAKARNA MAHAVIR CLOTH MARKET, RAIPUR, AHMEDABAD- 380 002.",AHMEDABAD,AHMEDABAD,GUJARAT,ABHYUDAYA COOPERATIVE BANK LIMITED
ABHY0065205,60,ODHAV,"HARSHAD CHAMBERS, OPP. VALLABHNAGAR, ODHAV, AHMEDABAD - 380 021",AHMEDABAD,AHMEDABAD,GUJARAT,ABHYUDAYA COOPERATIVE BANK LIMITED
ABHY0065208,60,GHATLODIYA,"1, SATYAM, MANJUSHRI SOCIETY, GHATLODIA, AHMEDABAD- 380 061.",AHMEDABAD,AHMEDABAD,GUJARAT,ABHYUDAYA COOPERATIVE BANK LIMITED
ABHY0065301,60,MAIN BR UDUPI,"SRI KANIYOOR BLDG, CAR STREET, UDUPI,  TEH. UDUPI, 576 101",UDUPI,UDUPI,KARNATAKA,ABHYUDAYA COOPERATIVE BANK LIMITED
ABHY0065302,60,CITY,"SHAMBHAVI FORTUNE, BEHIND K S R T C BUS STAND, UDUPI -576101",UDUPI,UDUPI,KARNATAKA,ABHYUDAYA COOPERATIVE BANK LIMITED
ABHY0065304,60,SHIRVA,"SHIRVA, TEH. UDUPI, 574 116",UDUPI,UDUPI,KARNATAKA,ABHYUDAYA COOPERATIVE BANK LIMITED
ABHY0065305,60,PADUBIDRI,"SHRI SHAKTHI COMPLEX, NH-66, NADSAL VILLAGE, PADUBIDRI, UDUPI-DIST, 574111",UDUPI,DAKSHINA KANNADA,KARNATAKA,ABHYUDAYA COOPERATIVE BANK LIMITED
ABHY0065306,60,MANGALORE,"SHOP NO. 4, JANVI PLAZA, NEAR BUNTS HOSTEL, KARANGLAPADY, MANGALORE-575003",MANGALORE,DAKSHINA KANNADA,KARNATAKA,ABHYUDAYA COOPERATIVE BANK LIMITED
ABNA0000001,110,RTGS-HO,"414 EMPIRE COMPLEX, SENAPATI BAPAT MARG LOWER PAREL WEST MUMBAI 400013",MUMBAI,GREATER BOMBAY,MAHARASHTRA,THE ROYAL BANK OF SCOTLAND N V
ABNA0100310,110,BRADY HOUSE  MUMBAI,"BRADY HOUSE,14 VEER NARIMAN ROAD,FORT, MUMBAI - 400023",MUMBAI,GREATER BOMBAY,MAHARASHTRA,THE ROYAL BANK OF SCOTLAND N V
ABNA0100311,110,CAMAC STREET  KOLKATA,"AZIMGANJ HOUSE, 7 CAMAC STREET, KOLKATA - 700017",KOLKATA,KOLKATA,WEST BENGAL,THE ROYAL BANK OF SCOTLAND N V
ABNA0100312,110,HANSALAYA  NEW DELHI,"HANSALAYA BUILDING, 15, BARAKHAMBA ROAD, NEW DELHI - 110001",DELHI,NEW DELHI,DELHI,THE ROYAL BANK OF SCOTLAND N V
ABNA0100313,110,CHENNAI,"KRM TOWERS,NO 1 HARRINGTON ROAD,CHETPET, CHENNAI 600031",CHENNAI,CHENNAI,TAMIL NADU,THE ROYAL BANK OF SCOTLAND N V
ABNA0100314,110,PUNE,"327, MAHATMA GANDHI ROAD, PUNE CAMP, PUNE - 411001",PUNE,PUNE,MAHARASHTRA,THE ROYAL BANK OF SCOTLAND N V
ABNA0100316,110,BARODA,"7, ALKAPURI, R.C. DUTT ROAD, BARODA - 390 007",VADODARA,VADODARA,GUJARAT,THE ROYAL BANK OF SCOTLAND N V
ABNA0100317,110,HYDERABAD,"6-3-248/1/1/A, ROAD NO. 1, BANJARA HILLS, HYDERABAD - 500034",HYDERABAD,HYDERABAD URBAN,ANDHRA PRADESH,THE ROYAL BANK OF SCOTLAND N V
ABNA0100318,110,BANGALORE,"PRESTIGE TOWERS', GROUND FLOOR, 99 & 100, RESIDENCY ROAD, BANGALORE 560 025.",BANGALORE,BANGALORE URBAN,KARNATAKA,THE ROYAL BANK OF SCOTLAND N V
ABNA0100326,110,MANGALORE,"MAXIMUS COMMERCIAL COMPLEX, LIGHT HOUSE HILL ROAD, MANGALORE - 575001",MANGALORE,DAKSHINA KANNADA,KARNATAKA,THE ROYAL BANK OF SCOTLAND N V
ABNA0100327,110,HAUZ KHAS  NEW DELHI,"M-6 HAUZ KHAS, NEW DELHI 110016",DELHI,NEW DELHI,DELHI,THE ROYAL BANK OF SCOTLAND N V
ABNA0100328,110,GK 1  NEW DELHI,"R-67, GREATER KAILASH-I, NEW DELHI - 110048",DELHI,NEW DELHI,DELHI,THE ROYAL BANK OF SCOTLAND N V
ABNA0100329,110,RAJOURI GARDEN  NEW DELHI,"J-12/11 RAJOURI GARDEN,NEW DELHI-110027",DELHI,NEW DELHI,DELHI,THE ROYAL BANK OF SCOTLAND N V
ABNA0100330,110,GURGAON,"VATIKA FIRST INDIA PLACE, TOWER B GROUND FLOOR, BLOCK A SUSHANT LOK PHASE I, MEHRAULI GURGAON ROAD, GURGAON - 122 002",GURGAON,GURGAON,HARYANA,THE ROYAL BANK OF SCOTLAND N V
ABNA0100331,110,KOLHAPUR,"GROUND FLOOR, ANANT TOWERS , 1115 K-1 SHAHUPURI, KOLHAPUR - 416001",KOLHAPUR,KOLHAPUR,MAHARASHTRA,THE ROYAL BANK OF SCOTLAND N V
ABNA0100332,110,BRABOURNE ROAD  KOLKATA,"18 A, BRABOURNE ROAD, KOLKATA - 700001",KOLKATA,KOLKATA,WEST BENGAL,THE ROYAL BANK OF SCOTLAND N V
ABNA0100333,110,SALT LAKE CITY  KOLKATA,"CD-16 , SECTOR - 1, SALT LAKE CITY, KOLKATA - 700064",KOLKATA,KOLKATA,WEST BENGAL,THE ROYAL BANK OF SCOTLAND N V
ABNA0100335,110,JUHU  MUMBAI,"GROUND & FIRST FLOOR, DURU HOUSE, JUHU TARA ROAD, JUHU, MUMBAI - 400049",MUMBAI,GREATER BOMBAY,MAHARASHTRA,THE ROYAL BANK OF SCOTLAND N V
ABNA0100336,110,NOIDA,"OCEAN HEIGHTS, K - 4 SECTOR 18, NOIDA - 201301",NOIDA,GAUTAM BODDA NAGAR,UTTAR PRADESH,THE ROYAL BANK OF SCOTLAND N V
ABNA0100337,110,UDAIPUR,"SHUBH APPT, GROUND FLOOR , PLOT NO. 99, L ROAD, BHUPALPURA, VERMA CIRCLE, OPP. COLLECTOR BUNGALOW, UDAIPUR - 313001",UDAIPUR,UDAIPUR,RAJASTHAN,THE ROYAL BANK OF SCOTLAND N V
ABNA0100338,110,AGRA,"KHASRA NO.71&72 VILLAGE MAUZA DEHTURA, TEHSIL AND DISTRICT AGRA - 282 007",AGRA,AGRA,UTTAR PRADESH,THE ROYAL BANK OF SCOTLAND N V
ABNA0100339,110,JODHPUR,"KHASRA NO.9/4,OPP.IOCL PUNP,MAIN SALAWAS ROAD, BASNI PHASE - II, VILLAGE SANGARIYA, TEHSIL JODHPUR- 324005",JODHPUR,JODHPUR,RAJASTHAN,THE ROYAL BANK OF SCOTLAND N V
ABNA0100340,110,JALANDHAR,"MIDLAND FINANCIAL CENTRE,GROUND FLOOR, 21-22, G.T. ROAD,JALANDHAR, PUNJAB- 144001",JALANDHAR,JALANDHAR,PUNJAB,THE ROYAL BANK OF SCOTLAND N V
ABNA0101310,110,TREASURY,"SAKHAR BHAVAN, 8TH FLOOR, NARIMAN ROAD,MUMBAI 400 021",MUMBAI,MUMBAI,MAHARASHTRA,THE ROYAL BANK OF SCOTLAND N V
ABNA0200001,110,SAKHAR BHAVAN  MUMBAI,"SAKHAR BHAVAN, NARIMAN POINT,MUMBAI - 400021.",MUMBAI,GREATER BOMBAY,MAHARASHTRA,THE ROYAL BANK OF SCOTLAND N V
ABNA0NEFT02,110,LOWER PAREL WEST MUMBAI,"ABN AMRO BANK,414 EMPIRE COMPLEX,SENAPATI BAPAT MARG LOWER PAREL WEST MUMBAI 400013",MUMBAI,MUMBAI,MAHARASHTRA,THE ROYAL BANK OF SCOTLAND N V
ADCB0000001,143,RTGS-HO,"75, REHMAT MANZIL, V. N. ROAD, CURCHGATE, MUMBAI - 400020",MUMBAI,MUMBAI CITY,MAHARASHTRA,ABU DHABI COMMERCIAL BANK
ADCC0000001,61,RTGS-HO,"THE AKOLA DISTRICT CENTRAL COOP. BANK LTD., P.B.NO. 8, CIVIL LINES, S.A. COLLEGE ROAD, AKOLA. 444001",AKOLA,AKOLA,MAHARASHTRA,THE AKOLA DISTRICT CENTRAL COOPERATIVE BANK
ADCC0000002,61,MARKET YARD BRANCH - AKOLA,"THE AKOLA DISTRICT CENTRAL COOP. BANK LTD.,BRANCH MARKET YARD, APMC, NEAR SHIVAJI COLLEGE, AKOLA. 444001",AKOLA,AKOLA,MAHARASHTRA,THE AKOLA DISTRICT CENTRAL COOPERATIVE BANK
ADCC0000003,61,KAPAD BAZAR BRANCH - AKOLA,"THE AKOLA DISTRICT CENTRAL COOP. BANK LTD., BRANCH KAPAD BAZAR,TILAK ROAD, RAYAT HAWELI, AKOLA. 444001",AKOLA,AKOLA,MAHARASHTRA,THE AKOLA DISTRICT CENTRAL COOPERATIVE BANK
ADCC0000004,61,SHRI RAJESHWAR BRANCH - AKOLA,"THE AKOLA DISTRICT CENTRAL COOP. BANK LTD., JAI HIND CHOWK, OLD CITY, AKOLA. 444002",AKOLA,AKOLA,MAHARASHTRA,THE AKOLA DISTRICT CENTRAL COOPERATIVE BANK
ADCC0000005,61,ZP BRANCH - AKOLA,"THE AKOLA DISTRICT CENTRAL COOP. BANK LTD., BRANCH Z.P., NEAR COLLECTOR OFFICE, AKOLA. 444001",AKOLA,AKOLA,MAHARASHTRA,THE AKOLA DISTRICT CENTRAL COOPERATIVE BANK
ADCC0000006,61,CIVIL LINES BRANCH - AKOLA,"THE AKOLA DISTRICT CENTRAL COOP. BANK LTD., CIVIL LINES BRANCH, S.A. COLLEGE ROAD, AKOLA. 444001",AKOLA,AKOLA,MAHARASHTRA,THE AKOLA DISTRICT CENTRAL COOPERATIVE BANK
ADCC0000007,61,MAHILA BRANCH - AKOLA,"THE AKOLA DISTRICT CENTRAL COOP. BANK LTD., RAMDAS PETH, NEAR BIRLA GATE, AKOLA. 444005",AKOLA,AKOLA,MAHARASHTRA,THE AKOLA DISTRICT CENTRAL COOPERATIVE BANK
ADCC0000008,61,SAH.MAH.DR.ANNASAHEB KORPE NGR BR-AKOLA,"THE AKOLA DISTRICT CENTRAL COOP. BANK LTD., ADARSH COLONY, NEAR ADARSH VIDYALAYA, AKOLA. 444005",AKOLA,AKOLA,MAHARASHTRA,THE AKOLA DISTRICT CENTRAL COOPERATIVE BANK
ADCC0000009,61,DR.PDKV BRANCH - AKOLA,"THE AKOLA DISTRICT CENTRAL COOP. BANK LTD., IN P.D.K.V. PREMICES, AKOLA. 444004",AKOLA,AKOLA,MAHARASHTRA,THE AKOLA DISTRICT CENTRAL COOPERATIVE BANK
ADCC0000010,61,DABKI ROAD BRANCH - AKOLA,"THE AKOLA DISTRICT CENTRAL COOP. BANK LTD.,BRANCH DABKI ROAD, NEAR KHANDELWAL HIGH SCHOOL, GODBOLE PLOT, DABKI ROAD, OLD CITY, AKOLA. 444002",AKOLA,AKOLA,MAHARASHTRA,THE AKOLA DISTRICT CENTRAL COOPERATIVE BANK
ADCC0000011,61,TUKARAM SQUARE BRANCH - AKOLA,"THE AKOLA DISTRICT CENTRAL COOP. BANK LTD., BRANCH TUKARAM CHOWK, SANT TUKARAM HOSPITAL CHOWK, GORAKSHAN ROAD, AKOLA. 444002",AKOLA,AKOLA,MAHARASHTRA,THE AKOLA DISTRICT CENTRAL COOPERATIVE BANK
ADCC0000012,61,BORGAON MANJU BRANCH,"THE AKOLA DISTRICT CENTRAL COOP. BANK LTD., BRANCH BORGAON MANJU AT. PO. BORGAON MANJU, TQ. DIST. AKOLA. 444102",BORGAON-MANJU,AKOLA,MAHARASHTRA,THE AKOLA DISTRICT CENTRAL COOPERATIVE BANK
ADCC0000013,61,PALSO BADHE BRANCH,"THE AKOLA DISTRICT CENTRAL COOP. BANK LTD., BRANCH PALSO, AT. PO. PALSO, TQ. DIST. AKOLA. 444102",PALSO,AKOLA,MAHARASHTRA,THE AKOLA DISTRICT CENTRAL COOPERATIVE BANK
ADCC0000014,61,MHAISANG BRANCH,"THE AKOLA DISTRICT CENTRAL COOP. BANK LTD., BRANCH MHAISANG, AT. PO. MHAISANG, TQ. DIST. AKOLA. 444003",MHYSANG,AKOLA,MAHARASHTRA,THE AKOLA DISTRICT CENTRAL COOPERATIVE BANK
ADCC0000015,61,KANSHIVANI BRANCH,"THE AKOLA DISTRICT CENTRAL COOP. BANK LTD., BRANCH KANSHIVANI, AT. PO. KANSHIVANI, TQ. DIST. AKOLA 444102",AKOLA,AKOLA,MAHARASHTRA,THE AKOLA DISTRICT CENTRAL COOPERATIVE BANK
ADCC0000016,61,GANDHIGRAM BRANCH,"THE AKOLA DISTRICT CENTRAL COOP. BANK LTD.,BRANCH GANDHIGRAM, AT. PO. GANDHIGRAM, TQ. DIST.AKOLA. 444006",GANDHIGRAM,AKOLA,MAHARASHTRA,THE AKOLA DISTRICT CENTRAL COOPERATIVE BANK
ADCC0000017,61,CHIKHALGAON BRANCH,"THE AKOLA DISTRICT CENTRAL COOP. BANK LTD.,BR. CHIKHALGAON, AT.PO. CHIKHALGAON, TQ. DIST. AKOLA. 444006",AKOLA,AKOLA,MAHARASHTRA,THE AKOLA DISTRICT CENTRAL COOPERATIVE BANK
ADCC0000018,61,DAHIHANDA ┬áBRANCH,"THE AKOLA DISTRICT CENTRAL COOP. BANK LTD.,BRANCH DAHIHANDA, AT. PO. DAHIHANDA, TQ. DIST. AKOLA. 444111",GANDHIGRAM,AKOLA,MAHARASHTRA,THE AKOLA DISTRICT CENTRAL COOPERATIVE BANK
ADCC0000019,61,PATUR NANDAPUR BRANCH,"THE AKOLA DISTRICT CENTRAL COOP. BANK LTD.,BRANCH PATUR NANDAPUR, AT. PO. PATUR NANDAPUR, TQ.DIST. AKOLA. 444407",PATUR NANDAPUR,AKOLA,MAHARASHTRA,THE AKOLA DISTRICT CENTRAL COOPERATIVE BANK
ADCC0000020,61,KURANKHED BRANCH,"THE AKOLA DISTRICT CENTRAL COOP. BANK LTD.,BRANCH KURANKHED, AT. PO. KURANKHED, TQ.DIST.AKOLA. 444102",KURANKHED,AKOLA,MAHARASHTRA,THE AKOLA DISTRICT CENTRAL COOPERATIVE BANK
ADCC0000021,61,GOREGAON KHURD BRANCH,"THE AKOLA DISTRICT CENTRAL COOP. BANK LTD., BRANCH GOREGAON KD., AT. PO. GOREGAON KD., TQ. DIST. AKOLA. 444102",GOREGAON(KHURD),AKOLA,MAHARASHTRA,THE AKOLA DISTRICT CENTRAL COOPERATIVE BANK
ADCC0000022,61,UMRI BRANCH,"THE AKOLA DISTRICT CENTRAL COOP. BANK LTD., JATHARPETH, UMARI ROAD, NEAR PATIL MARKET, AKOLA.  444005",UMRI,AKOLA,MAHARASHTRA,THE AKOLA DISTRICT CENTRAL COOPERATIVE BANK
ADCC0000023,61,KHADAKI-CHANDUR BRANCH,"THE AKOLA DISTRICT CENTRAL COOP. BANK LTD., BRANCH KHADKI BK., AT. KHADKI BK., PO. CHANDUR, TQ. DIST. AKOLA. 444004",AKOLA,AKOLA,MAHARASHTRA,THE AKOLA DISTRICT CENTRAL COOPERATIVE BANK
ADCC0000024,61,RANPISE NAGAR BRANCH - AKOLA,"THE AKOLA DISTRICT CENTRAL COOP. BANK LTD., BRANCH RANPISE NAGAR, RANPISE NAGAR, AKOLA. 444001",AKOLA,AKOLA,MAHARASHTRA,THE AKOLA DISTRICT CENTRAL COOPERATIVE BANK
ADCC0000025,61,AAGAR BRANCH,"THE AKOLA DISTRICT CENTRAL COOP. BANK LTD., BRANCH AGAR, AT. PO. AGAR, TQ. DIST. AKOLA.  444006",AKOLA,AKOLA,MAHARASHTRA,THE AKOLA DISTRICT CENTRAL COOPERATIVE BANK
ADCC0000026,61,RATANLAL PLOTS BRANCH - AKOLA,"THE AKOLA DISTRICT CENTRAL COOP. BANK LTD., BRANCH RATANLAL PLOT, NEAR RAGHUVANSHI MANGAL KARYALAYA, RATANLAL PLOT, AKOLA. 444001",AKOLA,AKOLA,MAHARASHTRA,THE AKOLA DISTRICT CENTRAL COOPERATIVE BANK
ADCC0000028,61,BARSHITAKLI BRANCH,"THE AKOLA DISTRICT CENTRAL COOP. BANK LTD., BRANCH BARSHITAKLI, AT. PO. TQ. BARSHITAKLI, DIST. AKOLA. 444401",BARSI-TAKLI,AKOLA,MAHARASHTRA,THE AKOLA DISTRICT CENTRAL COOPERATIVE BANK
ADCC0000029,61,PINJAR BRANCH,"THE AKOLA DISTRICT CENTRAL COOP. BANK LTD., BRANCH PINJAR, AT. PO. PINJAR, TQ. BARSHITAKLI, DIST. AKOLA. 444407",PINJAR,AKOLA,MAHARASHTRA,THE AKOLA DISTRICT CENTRAL COOPERATIVE BANK
ADCC0000030,61,MAHAN BRANCH,"THE AKOLA DISTRICT CENTRAL COOP. BANK LTD., BRANCH MAHAN, AT. PO. MAHAN, TQ. BARSHITAKLI, DIST. AKOLA. 444405",MAHAN,AKOLA,MAHARASHTRA,THE AKOLA DISTRICT CENTRAL COOPERATIVE BANK
ADCC0000031,61,KANHERI SARAP BRANCH,"THE AKOLA DISTRICT CENTRAL COOP. BANK LTD., BRANCH KANHERI SARAP, AT. PO. KANHERI SARAP, TQ. BARSHITAKLI, DIST. AKOLA. 444401",KANHERI SARAP,AKOLA,MAHARASHTRA,THE AKOLA DISTRICT CENTRAL COOPERATIVE BANK
ADCC0000032,61,DHABA BRANCH,"THE AKOLA DISTRICT CENTRAL COOP. BANK LTD., BRANCH DHABA, AT. PO. DHABA, TQ. BARSHITAKLI, DIST. AKOLA. 444401",DHABA,AKOLA,MAHARASHTRA,THE AKOLA DISTRICT CENTRAL COOPERATIVE BANK
ADCC0000033,61,AKOT MAIN BRANCH,"THE AKOLA DISTRICT CENTRAL COOP. BANK LTD., BRANCH AKOT MAIN, AT. PO. TQ. AKOT, DIST. AKOLA. 444101",AKOT,AKOLA,MAHARASHTRA,THE AKOLA DISTRICT CENTRAL COOPERATIVE BANK
ADCC0000034,61,AKOT CITY BRANCH,"THE AKOLA DISTRICT CENTRAL COOP. BANK LTD., BRANCH AKOT CITY, AT. PO. TQ. AKOT, DIST. AKOLA. 444101",AKOT,AKOLA,MAHARASHTRA,THE AKOLA DISTRICT CENTRAL COOPERATIVE BANK
ADCC0000035,61,AKOT NARSING MANDIR BRANCH,"THE AKOLA DISTRICT CENTRAL COOP. BANK LTD.,BRANCH NARSING MANDIR, AT. PO. TQ. AKOT, DIST. AKOLA. 444101",AKOT,AKOLA,MAHARASHTRA,THE AKOLA DISTRICT CENTRAL COOPERATIVE BANK
ADCC0000036,61,SAVARA BRANCH,"THE AKOLA DISTRICT CENTRAL COOP. BANK LTD., BRANCH SAVARA, AT. PO. SAVARA, TQ. AKOT, DIST. AKOLA. 444101",AKOT,AKOLA,MAHARASHTRA,THE AKOLA DISTRICT CENTRAL COOPERATIVE BANK
ADCC0000037,61,RAUNDALA BRANCH,"THE AKOLA DIST. CENTRAL COOP. BANK LTD., BRANCH RAUNDALA, AT PO. DEVRI PHATA PARISAR, NEAR SWAMI VIVEKANAND CONVENT. TQ. AKOT DIST. AKOLA., 444101",CHAUHATTA,AKOLA,MAHARASHTRA,THE AKOLA DISTRICT CENTRAL COOPERATIVE BANK
ADCC0000038,61,CHOHOTTA BAZAR BRANCH,"THE AKOLA DISTRICT CENTRAL COOP. BANK LTD., BRANCH CHOHOTTA BAZAR, AT. PO. CHOHOTTA BAZAR, TQ. AKOT, DIST. AKOLA. 444125",CHAUHATTA,AKOLA,MAHARASHTRA,THE AKOLA DISTRICT CENTRAL COOPERATIVE BANK
ADCC0000039,61,WARUL JAULKA BRANCH,"THE AKOLA DISTRICT CENTRAL COOP. BANK LTD.,BRANCH WARUD JAULKA, AT. PO. WARUD JAULKA,TQ. AKOT, DIST. AKOLA. 444101",CHAUHATTA,AKOLA,MAHARASHTRA,THE AKOLA DISTRICT CENTRAL COOPERATIVE BANK
AKJB0000009,100,TAPADIA NAGAR,"TATYASAHEB OKE MARG, JATHARPETH CHOWK, AKOLA PIN 444 005",AKOLA,AKOLA,MAHARASHTRA,AKOLA JANATA COMMERCIAL COOPERATIVE BANK
ADCC0000040,61,AKOLKHED BRANCH,"THE AKOLA DISTRICT CENTRAL COOP. BANK LTD., BRANCH AKOLKHED, AT. PO. AKOLKHED, TQ. AKOT, DIST.AKOLA. 444101",AKOT,AKOLA,MAHARASHTRA,THE AKOLA DISTRICT CENTRAL COOPERATIVE BANK
ADCC0000041,61,KUTASA BRANCH,"THE AKOLA DISTRICT CENTRAL COOP. BANK LTD., BRANCH KUTASA, AT. PO. KUTASA, TQ. AKOT, DIST. AKOLA. 444101",KUTASA,AKOLA,MAHARASHTRA,THE AKOLA DISTRICT CENTRAL COOPERATIVE BANK
ADCC0000042,61,MUNDGAON BRANCH,"THE AKOLA DISTRICT CENTRAL COOP. BANK LTD., BRANCH MUNDGAON, AT. PO. MUNDGAON, TQ. AKOT, DIST. AKOLA. 444117",MUNDGAON,AKOLA,MAHARASHTRA,THE AKOLA DISTRICT CENTRAL COOPERATIVE BANK
ADCC0000043,61,TELHARA MAIN BRANCH,"THE AKOLA DISTRICT CENTRAL COOP. BANK LTD., BRANCH TELHARA MAIN, AT. PO. TQ.TELHARA,  DIST. AKOLA. 444108",TELHARA,AKOLA,MAHARASHTRA,THE AKOLA DISTRICT CENTRAL COOPERATIVE BANK
ADCC0000044,61,TELHARA CITY BRANCH,"THE AKOLA DISTRICT CENTRAL COOP. BANK LTD., BRANCH TELHARA CITY, AT. PO. TQ.TELHARA,  DIST. AKOLA. 444108",TELHARA,AKOLA,MAHARASHTRA,THE AKOLA DISTRICT CENTRAL COOPERATIVE BANK
ADCC0000045,61,HIWARKHED BRANCH,"THE AKOLA DISTRICT CENTRAL COOP. BANK LTD., BRANCH HIWARKHED, AT. PO. HIWARKHED, TQ. TELHARA, DIST.AKOLA. 444103",HIWARKHED,AKOLA,MAHARASHTRA,THE AKOLA DISTRICT CENTRAL COOPERATIVE BANK
ADCC0000046,61,DANAPUR BRANCH,"THE AKOLA DISTRICT CENTRAL COOP. BANK LTD.,BRANCH DANAPUR, AT. PO. DANAPUR, TQ. TELHARA, DIST.AKOLA. 444129",DANAPUR,AKOLA,MAHARASHTRA,THE AKOLA DISTRICT CENTRAL COOPERATIVE BANK
ADCC0000047,61,PATHARDI BRANCH,"THE AKOLA DISTRICT CENTRAL COOP. BANK LTD., BRANCH PATHARDI, AT. PO. PATHARDI, TQ. TELHARA, DIST.AKOLA. 444117",PATHARDI,AKOLA,MAHARASHTRA,THE AKOLA DISTRICT CENTRAL COOPERATIVE BANK
ADCC0000048,61,BELKHED BRANCH,"THE AKOLA DISTRICT CENTRAL COOP. BANK LTD.,BRANCH BELKHED, AT. PO. BELKHED, TQ. TELHARA, DIST.AKOLA. 444108",TELHARA,AKOLA,MAHARASHTRA,THE AKOLA DISTRICT CENTRAL COOPERATIVE BANK
AKJB0000004,100,WASHIM,"JANVAIBHAV,RISOD NAKA, WASHIM PIN 444 505",WASHIM,WASHIM,MAHARASHTRA,AKOLA JANATA COMMERCIAL COOPERATIVE BANK
ADCC0000049,61,AADSUL ┬áBRANCH,"THE AKOLA DISTRICT CENTRAL COOP. BANK LTD., BRANCH ADSUL, AT. PO. ADSUL, TQ. TELHARA, DIST. AKOLA. 444108",TELHARA,AKOLA,MAHARASHTRA,THE AKOLA DISTRICT CENTRAL COOPERATIVE BANK
ADCC0000050,61,ADGAON BUJRUK BRANCH,"THE AKOLA DISTRICT CENTRAL COOP. BANK LTD., BRANCH ADGAON, AT.PO. ADGAON, TQ. TELHARA, DIST.AKOLA. 444126",ADGAON BK,AKOLA,MAHARASHTRA,THE AKOLA DISTRICT CENTRAL COOPERATIVE BANK
ADCC0000051,61,BALAPUR BRANCH,"THE AKOLA DISTRICT CENTRAL COOP. BANK LTD., BRANCH BALAPUR, AT.PO. TQ. BALAPUR, DIST. AKOLA. 444302",BALAPUR,AKOLA,MAHARASHTRA,THE AKOLA DISTRICT CENTRAL COOPERATIVE BANK
ADCC0000052,61,URAL BRANCH,"THE AKOLA DISTRICT CENTRAL COOP. BANK LTD.,BRANCH URAL BK., AT. PO. URAL BK., TQ. BALAPUR, DIST.AKOLA. 444311",URAL(BK),AKOLA,MAHARASHTRA,THE AKOLA DISTRICT CENTRAL COOPERATIVE BANK
ADCC0000053,61,WADEGAON BRANCH,"THE AKOLA DISTRICT CENTRAL COOP. BANK LTD.,BRANCH WADEGAON, AT. PO. WADEGAON, TQ. BALAPUR, DIST. AKOLA. 444502",WADEGAON,AKOLA,MAHARASHTRA,THE AKOLA DISTRICT CENTRAL COOPERATIVE BANK
ADCC0000054,61,NIMBA ┬áBRANCH,"THE AKOLA DISTRICT CENTRAL COOP. BANK LTD.,BRANCH NIMBA, AT. PO. NIMBA, TQ. BALAPUR, DIST.AKOLA. 444311",NIMBA,AKOLA,MAHARASHTRA,THE AKOLA DISTRICT CENTRAL COOPERATIVE BANK
ADCC0000055,61,PARAS BRANCH,"THE AKOLA DISTRICT CENTRAL COOP. BANK LTD.,BRANCH PARAS, AT. PO. PARAS, TQ. BALAPUR, DIST.AKOLA. 444109",PARAS,AKOLA,MAHARASHTRA,THE AKOLA DISTRICT CENTRAL COOPERATIVE BANK
ADCC0000056,61,HATRUN BRANCH,"THE AKOLA DISTRICT CENTRAL COOP. BANK LTD.,BRANCH HATRUN, AT. PO. HATRUN, TQ. BALAPUR, DIST.AKOLA 444109",PARAS,AKOLA,MAHARASHTRA,THE AKOLA DISTRICT CENTRAL COOPERATIVE BANK
ADCC0000057,61,VYALA BRANCH,"THE AKOLA DISTRICT CENTRAL COOP. BANK LTD.,BRANCH VYALA, AT. PO. VYALA, TQ. BALAPUR, DIST.AKOLA. 444302",VYALA,AKOLA,MAHARASHTRA,THE AKOLA DISTRICT CENTRAL COOPERATIVE BANK
ADCC0000058,61,PATUR ┬áBRANCH,"THE AKOLA DISTRICT CENTRAL COOP. BANK LTD.,BRANCH PATUR, AT. PO. TQ. PATUR, DIST. AKOLA. 444501",PATUR,AKOLA,MAHARASHTRA,THE AKOLA DISTRICT CENTRAL COOPERATIVE BANK
ADCC0000059,61,CHANNI ┬áBRANCH,"THE AKOLA DISTRICT CENTRAL COOP. BANK LTD.,BRANCH CHANNI, AT. PO. CHANNI, TQ. PATUR, DIST. AKOLA. 444501",CHANNI,AKOLA,MAHARASHTRA,THE AKOLA DISTRICT CENTRAL COOPERATIVE BANK
ADCC0000060,61,AALEGAON BRANCH,"THE AKOLA DISTRICT CENTRAL COOP. BANK LTD.,BRANCH ALEGAON, AT. PO. ALEGAON, TQ. PATUR, DIST.AKOLA. 444511",ALEGAON,AKOLA,MAHARASHTRA,THE AKOLA DISTRICT CENTRAL COOPERATIVE BANK
ADCC0000061,61,VIWARA BABHULGAON BRANCH,"THE AKOLA DISTRICT CENTRAL COOP. BANK LTD.,BRANCH VIWARA, AT. PO. VIWARA, TQ. PATUR, DIST. AKOLA. 444511",BABULGAON,AKOLA,MAHARASHTRA,THE AKOLA DISTRICT CENTRAL COOPERATIVE BANK
ADCC0000062,61,SASTI BRANCH,"THE AKOLA DISTRICT CENTRAL COOP. BANK LTD.,BRANCH SASTI, AT. PO. SASTI, TQ. PATUR, DIST. AKOLA. 444501",SASTI,AKOLA,MAHARASHTRA,THE AKOLA DISTRICT CENTRAL COOPERATIVE BANK
ADCC0000064,61,MURTIJAPUR MAIN BRANCH,"THE AKOLA DISTRICT CENTRAL COOP. BANK LTD.,BRANCH MURTIZAPUR MAIN, AT.PO.TQ. MURTIZAPUR, DIST.AKOLA. 444107",MURTIZAPUR,AKOLA,MAHARASHTRA,THE AKOLA DISTRICT CENTRAL COOPERATIVE BANK
ADCC0000065,61,MURTIJAPUR MARKET YARD BRANCH,"THE AKOLA DISTRICT CENTRAL COOP. BANK LTD.,BRANCH MURTIZAPUR M.Y., AT.PO.TQ. MURTIZAPUR, DIST.AKOLA. 444107",MURTIZAPUR,AKOLA,MAHARASHTRA,THE AKOLA DISTRICT CENTRAL COOPERATIVE BANK
ADCC0000066,61,MURTIJAPUR CITY BRANCH,"THE AKOLA DISTRICT CENTRAL COOP. BANK LTD.,BRANCH MURTIZAPUR CITY, AT.PO.TQ. MURTIZAPUR, DIST.AKOLA. 444107",MURTIZAPUR,AKOLA,MAHARASHTRA,THE AKOLA DISTRICT CENTRAL COOPERATIVE BANK
ADCC0000067,61,MANA BRANCH,"THE AKOLA DISTRICT CENTRAL COOP. BANK LTD.,BRANCH MANA, AT. PO. MANA, TQ. MURTIZAPUR, DIST.AKOLA. 444106",MANA,AKOLA,MAHARASHTRA,THE AKOLA DISTRICT CENTRAL COOPERATIVE BANK
ADCC0000068,61,KURUM BRANCH,"THE AKOLA DISTRICT CENTRAL COOP. BANK LTD.,BRANCH KURUM, AT. PO. KURUM, TQ. MURTIZAPUR, DIST.AKOLA. 444115",KURUM,AKOLA,MAHARASHTRA,THE AKOLA DISTRICT CENTRAL COOPERATIVE BANK
ADCC0000070,61,KARANJA MAIN BRANCH,"THE AKOLA DISTRICT CENTRAL COOP. BANK LTD.,BRANCH KARANJA MAIN, AT. PO. TQ. KARANJA,  DIST.WASHIM. 444105",KARANJA,WASHIM,MAHARASHTRA,THE AKOLA DISTRICT CENTRAL COOPERATIVE BANK
ADCC0000071,61,KARANJA CITY BRANCH,"THE AKOLA DISTRICT CENTRAL COOP. BANK LTD.,BRANCH KARANJA CITY, AT. PO. TQ. KARANJA,  DIST.WASHIM. 444105",KARANJA,WASHIM,MAHARASHTRA,THE AKOLA DISTRICT CENTRAL COOPERATIVE BANK
ADCC0000072,61,KAMARGAON BRANCH,"THE AKOLA DISTRICT CENTRAL COOP. BANK LTD.,BRANCH KAMARGAON, AT. PO. KAMARGAON, TQ.KARANJA DIST. WASHIM. 444110",KAMARGAON,WASHIM,MAHARASHTRA,THE AKOLA DISTRICT CENTRAL COOPERATIVE BANK
ADCC0000073,61,UMBARDA BAZAR BRANCH,"THE AKOLA DISTRICT CENTRAL COOP. BANK LTD.,BRANCH UMBARDA BAZAR, AT. PO. UMBARDA BAZAR, TQ.KARANJA, DIST. WASHIM.444102",UMBARDA BAZAR,WASHIM,MAHARASHTRA,THE AKOLA DISTRICT CENTRAL COOPERATIVE BANK
ADCC0000074,61,DHANAJ BUJRUK BRANCH,"THE AKOLA DISTRICT CENTRAL COOP. BANK LTD.,BRANCH DHANAJ BK, AT. PO. DHANAJ BK., TQ. KARANJA, DIST. WASHIM. 444110",DHANAJ BUDRUK,WASHIM,MAHARASHTRA,THE AKOLA DISTRICT CENTRAL COOPERATIVE BANK
ADCC0000075,61,MANBHA BRANCH,"THE AKOLA DISTRICT CENTRAL COOP. BANK LTD.,BRANCH MANBHA, AT. PO. MANBHA, TQ. KARANJA, DIST.WASHIM. 444105",UMBARDA BAZAR,WASHIM,MAHARASHTRA,THE AKOLA DISTRICT CENTRAL COOPERATIVE BANK
ADCC0000076,61,POHA BRANCH,"THE AKOLA DISTRICT CENTRAL COOP. BANK LTD.,BRANCH POHA, AT. PO. POHA, TQ. KARANJA, DIST.WASHIM 444105",KARANJA,WASHIM,MAHARASHTRA,THE AKOLA DISTRICT CENTRAL COOPERATIVE BANK
ADCC0000077,61,KAJALESHWAR BRANCH,"THE AKOLA DISTRICT CENTRAL COOP. BANK LTD.,BRANCH KAJALESHWAR, AT. PO. KAJALESHWAR, TQ. KARANJA DIST. WASHIM. 444017",KAJALESHWAR,WASHIM,MAHARASHTRA,THE AKOLA DISTRICT CENTRAL COOPERATIVE BANK
ADCC0000078,61,MANGRULPIR MAIN BRANCH,"THE AKOLA DISTRICT CENTRAL COOP. BANK LTD.,BRANCH MANGRULPIR MAIN, AT. PO. TQ. MANGRULPIR, DIST.WASHIM. 444403",MANGRULPIR,WASHIM,MAHARASHTRA,THE AKOLA DISTRICT CENTRAL COOPERATIVE BANK
ADCC0000079,61,MANGRULPIR CITY BRANCH,"THE AKOLA DISTRICT CENTRAL COOP. BANK LTD.,BRANCH MANGRULPIR CITY, AT. PO. TQ. MANGRULPIR, DIST.WASHIM. 444403",MANGRULPIR,WASHIM,MAHARASHTRA,THE AKOLA DISTRICT CENTRAL COOPERATIVE BANK
AKJB0000010,100,GORAKSHAN ROAD,"PRABHU PLAZA, NEAR POWER HOUSE, GORAKSHAN ROAD, AKOLA PIN 444 004",AKOLA,AKOLA,MAHARASHTRA,AKOLA JANATA COMMERCIAL COOPERATIVE BANK
ADCC0000080,61,MOHARI ┬áBRANCH,"THE AKOLA DISTRICT CENTRAL COOP. BANK LTD.,BRANCH MOHARI, AT. PO. MOHARI, TQ. MANGRULPIR, DIST.WASHIM. 444403",MANGRULPIR,WASHIM,MAHARASHTRA,THE AKOLA DISTRICT CENTRAL COOPERATIVE BANK
ADCC0000081,61,SHELU BAZAR BRANCH,"THE AKOLA DISTRICT CENTRAL COOP. BANK LTD.,BRANCH SHELU BAZAR, AT. PO. SHELU BAZAR, TQ.MANGRULPIR, DIST. WASHIM. 444402",SELU BAZAR,WASHIM,MAHARASHTRA,THE AKOLA DISTRICT CENTRAL COOPERATIVE BANK
ADCC0000082,61,WANOJA BRANCH,"THE AKOLA DISTRICT CENTRAL COOP. BANK LTD.,BRANCH WANOJA, AT. PO. WANOJA, TQ. MANGRULPIR, DIST.WASHIM. 444402",SELU BAZAR,WASHIM,MAHARASHTRA,THE AKOLA DISTRICT CENTRAL COOPERATIVE BANK
AKJB0000003,100,RISOD,"JANVAIBHAV, MAIN ROAD, CIVIL LINE, RISOD PIN 4440506",RISOD,WASHIM,MAHARASHTRA,AKOLA JANATA COMMERCIAL COOPERATIVE BANK
ADCC0000083,61,DHANORA BRANCH,"THE AKOLA DISTRICT CENTRAL COOP. BANK LTD.,BRANCH DHANORA, AT. PO. DHANORA, TQ. MANGRULPIR, DIST. WASHIM. 444507",MANGRULPIR,WASHIM,MAHARASHTRA,THE AKOLA DISTRICT CENTRAL COOPERATIVE BANK
ADCC0000084,61,MANORA BRANCH,"THE AKOLA DISTRICT CENTRAL COOP. BANK LTD.,BRANCH MANORA, AT. PO. TQ. MANORA, DIST. WASHIM. 444404",MANORA,WASHIM,MAHARASHTRA,THE AKOLA DISTRICT CENTRAL COOPERATIVE BANK
ADCC0000085,61,SHENDURJANA BRANCH,"THE AKOLA DISTRICT CENTRAL COOP. BANK LTD.,BRANCH SHENDURJANA, AT. PO. SHENDURJANA, TQ.MANORA, DIST. WASHIM. 444403",SHENDURJANA,WASHIM,MAHARASHTRA,THE AKOLA DISTRICT CENTRAL COOPERATIVE BANK
ADCC0000086,61,POHARADEVI BRANCH,"THE AKOLA DISTRICT CENTRAL COOP. BANK LTD.,BRANCH POHARADEVI, AT. PO. POHARADEVI, TQ. MANORA, DIST. WASHIM. 444404",POHARADEVI,WASHIM,MAHARASHTRA,THE AKOLA DISTRICT CENTRAL COOPERATIVE BANK
ADCC0000087,61,SAKHARDOH BRANCH,"THE AKOLA DISTRICT CENTRAL COOP. BANK LTD.,BRANCH SAKHARDOH, AT. PO. SAKHARDOH, TQ. MANORA, DIST. WASHIM. 444403",MANORA,WASHIM,MAHARASHTRA,THE AKOLA DISTRICT CENTRAL COOPERATIVE BANK
ADCC0000088,61,WASHIM MAIN BRANCH,"THE AKOLA DISTRICT CENTRAL COOP. BANK LTD.,BRANCH WASHIM MAIN, NEAR BUS STAND, WASHIM TQ.DIST. WASHIM,  444505",WASHIM,WASHIM,MAHARASHTRA,THE AKOLA DISTRICT CENTRAL COOPERATIVE BANK
ADCC0000089,61,WASHIM CITY BRANCH,"THE AKOLA DISTRICT CENTRAL COOP. BANK LTD.,BRANCH WASHIM CITY, SHUKRAWAR PETH, WASHIM, TQ.DIST.WASHIM. 444505",WASHIM,WASHIM,MAHARASHTRA,THE AKOLA DISTRICT CENTRAL COOPERATIVE BANK
ADCC0000090,61,ANSING BRANCH,"THE AKOLA DISTRICT CENTRAL COOP. BANK LTD.,BRANCH ANSING, AT. PO. ANSING, TQ. DIST. WASHIM. 444507",ANSING,WASHIM,MAHARASHTRA,THE AKOLA DISTRICT CENTRAL COOPERATIVE BANK
ADCC0000091,61,TONDGAON BRANCH,"THE AKOLA DISTRICT CENTRAL COOP. BANK LTD.,BRANCH TONDGAON, AT. PO. TONDGAON, TQ.DIST.WASHIM 444505",WASHIM,WASHIM,MAHARASHTRA,THE AKOLA DISTRICT CENTRAL COOPERATIVE BANK
ADCC0000092,61,PARDI TAKMOR BRANCH,"THE AKOLA DISTRICT CENTRAL COOP. BANK LTD.,BRANCH PARDITAKMOR, AT. PO. PARDITAKMOR, TQ.DIST.WASHIM. 444505",PARDI TAKMOR,WASHIM,MAHARASHTRA,THE AKOLA DISTRICT CENTRAL COOPERATIVE BANK
ADCC0000093,61,MALEGAON BRANCH,"THE AKOLA DISTRICT CENTRAL COOP. BANK LTD.,BRANCH MALEGAON, AT. PO. TQ. MALEGAON, DIST.WASHIM. 444503",MALEGAON,WASHIM,MAHARASHTRA,THE AKOLA DISTRICT CENTRAL COOPERATIVE BANK
ADCC0000094,61,KINHIRAJA BRANCH,"THE AKOLA DISTRICT CENTRAL COOP. BANK LTD.,BRANCH KINHIRAJA, AT. PO. KINHIRAJA, TQ. MALEGAON, DIST.WASHIM. 444503",KINHIRAJA,WASHIM,MAHARASHTRA,THE AKOLA DISTRICT CENTRAL COOPERATIVE BANK
ADCC0000095,61,SHIRPUR JAIN BRANCH,"THE AKOLA DISTRICT CENTRAL COOP. BANK LTD.,BRANCH SHIRPUR, AT. PO. SHIRPUR, TQ. MALEGAON, DIST.WASHIM. 444504",SHIRPUR,WASHIM,MAHARASHTRA,THE AKOLA DISTRICT CENTRAL COOPERATIVE BANK
ADCC0000096,61,MEDSHI BRANCH,"THE AKOLA DISTRICT CENTRAL COOP. BANK LTD.,BRANCH MEDSHI, AT. PO. MEDSHI, TQ. MALEGAON, DIST.WASHIM. 444512",MEDSHI,WASHIM,MAHARASHTRA,THE AKOLA DISTRICT CENTRAL COOPERATIVE BANK
ADCC0000097,61,PANGRIKUTE BRANCH,"THE AKOLA DISTRICT CENTRAL COOP. BANK LTD.,BRANCH PANGRIKUTE, AT. PO. PANGRIKUTE, TQ. MALEGAON DIST. WASHIM. 444503",MALEGAON,WASHIM,MAHARASHTRA,THE AKOLA DISTRICT CENTRAL COOPERATIVE BANK
ADCC0000098,61,JAULKA RAILWAY BRANCH,"THE AKOLA DISTRICT CENTRAL COOP. BANK LTD.,BRANCH JAULKA RLY, AT. PO. JAULKA RLY, TQ. MALEGAON, DIST. WASHIM. 444503",JAULKA,WASHIM,MAHARASHTRA,THE AKOLA DISTRICT CENTRAL COOPERATIVE BANK
ADCC0000099,61,RISOD MAIN BRANCH,"THE AKOLA DISTRICT CENTRAL COOP. BANK LTD.,BRANCH RISOD MAIN, AT. PO. TQ. RISOD, DIST. WASHIM. 444506",RISOD,WASHIM,MAHARASHTRA,THE AKOLA DISTRICT CENTRAL COOPERATIVE BANK
ADCC0000100,61,RISOD CITY BRANCH,"THE AKOLA DISTRICT CENTRAL COOP. BANK LTD.,BRANCH RISOD CITY, AT. PO. TQ. RISOD, DIST. WASHIM. 444506",RISOD,WASHIM,MAHARASHTRA,THE AKOLA DISTRICT CENTRAL COOPERATIVE BANK
ADCC0000101,61,RITHAD BRANCH,"THE AKOLA DISTRICT CENTRAL COOP. BANK LTD.,BRANCH RITHAD, AT. PO. RITHAD, TQ. RISOD, DIST.WASHIM 444510",RITHAD,WASHIM,MAHARASHTRA,THE AKOLA DISTRICT CENTRAL COOPERATIVE BANK
ADCC0000102,61,KENWAD BRANCH,"THE AKOLA DISTRICT CENTRAL COOP. BANK LTD.,BRANCH KENWAD, AT. PO. KENWAD, TQ. RISOD, DIST.WASHIM. 444503",KENWAD,WASHIM,MAHARASHTRA,THE AKOLA DISTRICT CENTRAL COOPERATIVE BANK
ADCC0000103,61,MANGULZANAK BRANCH,"THE AKOLA DISTRICT CENTRAL COOP. BANK LTD.,BRANCH MANGUL ZANAK, AT. PO. MANGUL ZANAK, TQ. RISOD, DIST. WASHIM. 444504",MANGRUL ZANAK,WASHIM,MAHARASHTRA,THE AKOLA DISTRICT CENTRAL COOPERATIVE BANK
ADCC0000104,61,HARAL BRANCH,"THE AKOLA DISTRICT CENTRAL COOP. BANK LTD.,BRANCH HARAL, AT. PO. HARAL, TQ. RISOD, DIST. WASHIM. 444510",RISOD,WASHIM,MAHARASHTRA,THE AKOLA DISTRICT CENTRAL COOPERATIVE BANK
ADCC0000105,61,MOP BRANCH,"THE AKOLA DISTRICT CENTRAL COOP. BANK LTD.,BRANCH MOP, AT. PO. MOP, TQ. RISOD, DIST. WASHIM 444506",RISOD,WASHIM,MAHARASHTRA,THE AKOLA DISTRICT CENTRAL COOPERATIVE BANK
ADCC0000106,61,KESHAV NAGAR,"THE AKOLA DISTRICT CENTRAL COOP. BANK LTD.,BRANCH KESHAVNAGAR, AT. PO. KESHAVNAGAR, TQ. RISOD DIST. WASHIM. 444504",MASALA PEN,WASHIM,MAHARASHTRA,THE AKOLA DISTRICT CENTRAL COOPERATIVE BANK
